frame,ball_x,ball_y,player11_x1,player11_y1,player11_x2,player11_y2,player12_x1,player12_y1,player12_x2,player12_y2,player21_x1,player21_y1,player21_x2,player21_y2,player22_x1,player22_y1,player22_x2,player22_y2,shot_made,shot_player,shot_type
0,nan,nan,957.7,150.6,1047.3,261.8,921.6,56.4,960.3,130.7,498.6,664.2,660.1,836.7,,,,,False,,
1,nan,nan,957.7,150.6,1047.1,261.3,921.5,56.3,960.3,130.7,498.5,664.2,660.0,836.7,,,,,False,,
2,nan,nan,957.0,149.2,1036.5,258.1,923.1,57.1,960.3,130.8,498.5,665.1,661.1,837.9,,,,,False,,
3,nan,nan,954.5,148.5,1041.6,261.1,922.4,57.3,960.1,130.8,499.7,665.6,665.2,836.2,,,,,False,,
4,nan,nan,953.5,147.9,1037.6,262.4,920.8,56.7,960.0,132.1,499.8,667.0,671.1,836.3,1460.6,705.7,1623.0,889.5,False,,
5,nan,nan,952.0,146.8,1027.2,260.0,920.3,56.3,959.3,132.9,499.8,667.4,674.9,835.6,1461.8,707.1,1624.9,888.1,False,,
6,nan,nan,949.8,146.1,1013.5,260.9,,,,,499.5,667.5,676.7,835.4,1463.8,707.8,1627.5,888.8,False,,
7,nan,nan,945.6,145.9,1001.6,262.3,,,,,498.8,667.5,675.7,835.2,1463.9,708.8,1629.7,888.8,False,,
8,1003.0,290.0,940.4,144.5,988.8,262.9,921.3,56.9,957.6,131.4,497.0,668.0,673.0,837.0,1463.9,709.1,1631.4,888.7,False,,
9,1001.0,290.0,934.3,143.1,975.3,259.6,920.6,56.2,957.8,131.6,495.5,668.3,669.6,837.0,1464.7,708.9,1633.3,889.4,False,,
10,998.8,290.0,927.1,143.3,973.0,261.4,921.2,56.0,957.0,131.5,493.5,668.5,664.4,836.3,1466.0,708.4,1634.7,890.5,False,,
11,996.6,290.0,918.7,142.9,977.4,259.3,920.8,55.6,957.1,130.6,490.6,668.6,658.9,834.4,,,,,False,,
12,994.4,290.0,903.2,142.7,974.9,259.2,919.4,55.0,957.2,129.5,489.0,668.4,653.6,834.7,,,,,False,,
13,992.2,290.0,892.7,143.3,972.1,258.3,919.3,54.6,957.3,129.9,486.5,668.4,649.0,834.9,,,,,False,,
14,990.0,290.0,883.5,144.1,968.1,257.5,919.5,53.0,956.8,130.0,484.3,668.1,645.3,835.1,1470.2,705.0,1642.4,889.5,False,,
15,988.375,289.5,880.1,145.1,963.2,258.2,919.2,52.8,956.5,128.0,482.5,668.5,643.4,835.8,1469.9,704.0,1645.3,889.1,False,,
16,986.75,289.0,878.9,146.3,958.2,257.7,917.8,53.3,956.1,120.9,480.1,669.0,641.0,836.1,1468.4,702.5,1647.1,889.2,False,,
17,985.125,288.5,878.3,146.5,952.0,256.9,918.7,53.5,956.2,125.9,478.2,668.8,641.4,837.0,1466.8,700.2,1650.2,889.1,False,,
18,983.5,288.0,877.8,145.5,945.9,256.1,917.6,52.4,956.7,129.5,475.3,669.1,641.5,837.3,1466.5,698.6,1655.7,889.0,False,,
19,981.875,287.5,875.9,144.2,939.0,254.9,919.6,52.1,956.3,130.9,472.5,668.6,637.7,837.4,1466.5,696.1,1660.0,887.6,False,,
20,980.25,287.0,872.5,143.1,934.9,254.2,920.6,52.4,956.0,131.6,469.8,668.5,636.2,837.1,1507.2,693.7,1664.3,853.6,False,,
21,978.625,286.5,868.4,141.8,926.5,254.1,921.1,52.5,955.8,132.0,467.0,668.7,626.3,831.8,1482.0,691.4,1667.5,874.7,False,,
22,977.0,286.0,864.0,141.9,912.5,253.7,921.4,52.7,955.8,132.1,464.1,667.9,622.8,835.5,1486.8,689.6,1670.1,877.6,False,,
23,976.0,285.0,858.6,142.1,904.6,252.8,921.7,53.0,955.7,132.2,462.3,668.0,616.6,833.9,1481.4,687.9,1672.3,881.8,False,,
24,976.0,284.0,852.3,141.6,900.7,254.2,921.9,53.0,955.1,132.0,459.6,667.1,622.2,836.1,1487.3,686.4,1673.8,881.8,False,,
25,973.5,284.0,846.5,142.0,898.3,255.1,921.4,52.9,954.6,131.8,457.5,666.5,630.3,837.5,1483.2,685.7,1675.1,880.4,False,,
26,971.0,284.0,841.7,142.5,898.2,255.8,920.8,53.2,954.5,131.8,455.3,666.5,630.2,836.2,1489.8,685.1,1675.1,877.6,False,,
27,970.0,284.0,838.7,143.2,895.5,254.8,921.6,53.5,954.5,131.9,452.9,666.3,635.7,835.8,1492.5,684.2,1674.5,876.2,False,,
28,969.0,283.0,835.3,144.0,888.3,244.5,922.1,54.0,954.5,131.9,451.3,666.0,639.7,835.2,1486.2,683.4,1674.8,873.0,False,,
29,968.0,283.0,833.2,143.5,886.6,244.9,919.9,54.4,954.7,132.0,450.4,665.7,639.9,834.8,1484.1,682.8,1674.8,871.5,False,,
30,967.0,283.0,829.5,143.3,884.3,242.4,911.1,55.1,954.7,132.0,450.3,665.7,637.8,834.3,1485.4,682.1,1673.9,870.9,False,,
31,960.875,262.125,825.7,142.7,878.4,241.4,914.6,55.4,954.7,132.0,450.3,665.6,633.0,834.0,1486.2,681.6,1673.1,871.2,False,,
32,954.75,241.25,822.0,142.4,874.0,241.7,913.6,55.3,954.7,131.9,451.2,665.7,631.7,833.8,1486.1,681.3,1672.1,871.0,False,,
33,948.625,220.375,819.0,142.3,868.0,241.3,913.5,55.8,954.7,131.8,452.1,665.6,632.4,833.9,1485.1,680.6,1671.4,871.5,False,,
34,942.5,199.5,814.9,142.9,864.4,241.0,921.1,56.2,955.0,131.9,452.5,665.7,633.8,834.2,1484.6,679.8,1670.2,872.0,False,,
35,936.375,178.625,804.7,142.9,861.7,240.7,917.8,57.9,955.0,131.9,453.8,666.0,588.7,787.1,1482.8,679.8,1668.2,872.8,False,,
36,930.25,157.75,795.1,142.9,858.9,241.5,921.6,58.5,955.3,131.7,454.2,666.2,594.2,787.4,1482.3,678.7,1666.4,872.2,False,,
37,924.125,136.875,783.2,143.8,858.2,243.0,924.3,59.3,957.0,131.9,453.9,665.9,596.0,786.9,1482.5,678.4,1663.8,871.1,False,,
38,918.0,116.0,771.7,144.2,858.4,243.3,925.7,59.6,958.0,132.0,453.6,665.7,605.9,794.5,1482.8,678.4,1660.5,870.3,False,,
39,916.3333333333334,115.83333333333333,766.2,145.4,859.7,245.3,925.8,59.7,958.7,132.2,454.7,665.4,627.0,824.7,1483.2,677.8,1658.0,869.0,False,,
40,914.6666666666666,115.66666666666667,764.0,146.9,859.6,246.0,926.1,59.7,959.6,132.3,455.7,665.3,635.0,831.8,1482.6,677.5,1655.9,868.7,False,,
41,913.0,115.5,762.9,149.2,859.2,247.1,926.9,60.8,960.3,133.2,457.1,665.2,633.0,834.5,1482.4,676.8,1654.5,868.1,False,,
42,911.3333333333334,115.33333333333333,762.6,150.9,859.0,248.1,927.5,61.7,960.7,133.8,458.9,665.5,633.1,835.8,1481.2,675.5,1652.1,867.7,False,,
43,909.6666666666666,115.16666666666667,762.7,152.1,856.6,248.4,927.5,62.6,961.0,134.8,460.5,665.9,640.1,836.1,1480.9,674.6,1650.6,867.8,False,,
44,908.0,115.0,763.2,153.5,856.1,247.8,927.7,63.0,961.2,135.5,462.9,665.9,636.9,836.1,1480.6,673.3,1649.7,868.0,False,,
45,908.0,113.0,763.7,155.0,853.4,247.1,927.9,63.7,962.0,136.6,464.7,666.0,642.6,836.2,1480.8,672.1,1648.7,867.9,False,,
46,907.0,110.0,764.2,155.5,850.2,246.5,928.0,63.8,962.5,137.6,468.3,666.3,636.2,836.3,1480.8,670.3,1648.4,868.2,False,,
47,888.5,92.25,764.7,155.8,849.3,246.4,928.8,64.0,963.1,137.6,471.8,666.6,626.2,836.7,1480.8,668.5,1648.2,868.3,False,,
48,870.0,74.5,764.8,156.1,849.0,245.8,928.3,64.2,963.3,137.3,475.2,667.4,621.0,836.8,1479.6,666.6,1647.8,868.3,False,,
49,851.5,56.75,764.9,156.3,848.9,246.2,929.0,64.5,963.6,137.1,478.6,667.8,616.8,836.7,1479.0,665.4,1647.6,867.8,False,,
50,833.0,39.0,765.0,156.8,848.9,246.2,929.0,64.9,964.6,137.7,482.2,667.7,617.6,836.8,1478.9,663.7,1647.2,867.0,False,,
51,847.1666666666666,47.583333333333336,765.4,157.1,848.8,246.1,928.1,65.3,965.0,138.2,484.4,667.8,619.3,836.9,1478.6,662.4,1647.1,866.4,False,,
52,861.3333333333334,56.16666666666667,765.5,157.3,848.8,245.9,927.5,65.0,966.5,138.3,487.0,668.0,620.3,836.9,1478.4,661.5,1646.9,867.3,False,,
53,875.5,64.75,765.7,157.5,848.8,246.0,928.0,64.4,967.9,138.6,490.5,668.1,624.9,836.7,1478.3,660.5,1646.5,864.3,False,,
54,889.6666666666666,73.33333333333334,765.8,157.7,848.8,246.2,928.9,63.8,969.1,139.3,493.4,668.1,630.8,836.5,1478.8,659.5,1646.1,863.8,False,,
55,903.8333333333334,81.91666666666667,765.9,158.2,848.8,246.0,930.3,63.9,970.2,138.7,495.7,668.0,635.2,836.4,1477.8,658.9,1645.4,862.9,False,,
56,918.0,90.5,765.9,158.6,848.9,246.2,930.8,64.9,971.7,138.7,497.2,667.7,639.7,836.4,1464.0,658.7,1643.7,859.7,False,,
57,932.1666666666666,99.08333333333334,766.0,159.3,848.9,246.0,931.9,66.9,973.3,138.8,497.8,667.6,644.1,836.1,1457.5,659.4,1640.5,857.1,False,,
58,946.3333333333334,107.66666666666667,765.6,160.3,849.0,245.6,932.3,68.0,975.3,139.8,498.3,667.9,644.0,835.5,1485.6,660.7,1637.4,843.3,False,,
59,960.5,116.25,765.4,160.7,849.1,245.6,933.0,69.4,979.4,140.4,498.2,667.3,657.3,833.5,1459.8,662.0,1633.9,851.1,False,,
60,974.6666666666666,124.83333333333334,765.5,160.8,849.2,245.8,932.5,70.5,982.8,143.3,498.3,667.1,663.9,832.7,1449.0,664.5,1627.9,843.4,False,,
61,988.8333333333333,133.41666666666669,765.5,160.8,849.3,245.9,932.8,71.8,984.9,143.6,498.2,666.9,667.0,830.2,1466.2,668.7,1623.4,837.2,False,,
62,1003.0,142.0,765.5,160.7,849.3,246.0,932.2,71.7,988.5,144.6,498.4,666.9,664.3,831.4,1477.5,672.5,1618.2,831.1,False,,
63,1015.0,153.0,765.7,160.0,849.4,246.9,933.2,72.1,992.2,144.4,497.6,665.9,660.0,832.3,1477.7,675.1,1612.8,828.5,False,,
64,1028.0,166.0,765.5,160.3,849.4,246.4,937.8,72.8,995.5,144.5,497.0,665.6,656.5,834.1,1476.2,676.6,1608.2,825.4,False,,
65,1044.0,180.0,765.7,159.7,849.5,247.0,945.5,72.4,998.6,145.0,495.7,665.3,655.1,834.0,1476.4,678.0,1602.9,822.8,False,,
66,1060.0,198.0,765.8,159.2,849.6,247.4,951.4,72.1,1001.2,146.5,494.3,664.7,655.5,833.9,1478.6,679.0,1599.7,819.7,False,,
67,1075.0,215.0,765.8,158.9,849.7,247.2,955.6,71.8,1006.1,148.3,492.1,663.6,652.2,834.0,1478.4,680.0,1597.4,822.4,False,,
68,1093.0,237.0,765.9,158.8,849.8,247.4,960.2,70.7,1009.4,149.1,489.2,662.7,649.2,834.6,1477.4,680.6,1595.7,848.8,False,,
69,1111.0,263.0,765.9,158.8,849.9,247.6,963.9,70.7,1012.2,153.5,486.5,662.5,648.0,834.8,,,,,False,,
70,1130.0,290.0,765.9,158.5,850.0,246.9,967.4,71.1,1015.7,156.7,,,,,,,,,False,,
71,1146.0,317.0,765.9,157.9,850.1,246.5,970.7,73.9,1018.4,158.3,481.7,660.4,648.0,834.9,,,,,False,,
72,1168.0,351.0,766.0,157.2,850.1,245.7,973.8,76.8,1022.1,159.2,,,,,,,,,False,,
73,1187.0,387.0,765.9,156.9,850.4,245.2,977.1,78.3,1026.8,159.9,,,,,,,,,False,,
74,1208.0,428.0,765.7,155.0,850.5,245.7,979.5,78.2,1035.6,160.5,,,,,,,,,False,,
75,1229.0,471.0,766.2,153.1,850.4,245.4,980.5,78.7,1047.6,160.4,,,,,,,,,False,,
76,1249.0,505.0,766.2,151.5,850.2,247.1,981.0,77.9,1056.6,160.8,,,,,,,,,False,,
77,1265.0,507.0,767.5,149.6,850.1,244.8,984.2,77.8,1066.4,161.7,,,,,,,,,False,,
78,1281.0,512.0,771.5,148.3,850.1,243.2,987.5,78.1,1072.4,162.6,464.7,656.0,599.8,790.1,,,,,False,,
79,1299.0,518.0,777.4,146.3,850.2,242.0,992.0,79.6,1076.2,163.8,461.3,655.9,593.8,788.0,1380.6,700.3,1581.3,854.6,False,,
80,1317.0,525.0,787.9,146.8,851.0,240.1,999.0,81.1,1079.0,164.3,458.6,654.7,609.7,790.2,1373.6,700.1,1577.8,877.2,False,,
81,1336.0,535.0,794.5,146.6,851.9,239.2,1008.6,81.2,1080.6,166.0,457.1,654.6,602.1,787.8,,,,,False,,
82,1356.0,548.0,797.5,144.3,854.4,237.6,1019.3,81.2,1083.6,167.1,455.4,653.8,609.9,789.3,1365.0,692.0,1566.6,902.8,False,,
83,1374.0,560.0,799.8,143.3,857.6,236.9,1031.1,80.7,1086.9,167.4,454.1,653.5,615.5,790.0,,,,,False,,
84,1394.0,578.0,800.8,143.0,859.4,236.0,1037.2,81.0,1089.0,168.2,453.1,653.3,615.4,790.3,1362.1,681.9,1553.4,912.6,False,,
85,1412.0,595.0,801.2,142.9,860.6,234.9,1041.9,81.1,1091.4,170.9,452.2,653.3,616.2,790.3,1361.4,676.3,1547.3,913.0,True,player22,smash
86,1430.0,615.0,801.5,143.1,860.0,233.7,1045.5,81.8,1094.7,172.6,451.4,653.3,619.3,790.9,1361.0,668.1,1540.6,911.4,False,,
87,1448.0,639.0,802.2,143.3,862.1,232.2,1048.0,83.3,1098.0,175.1,450.5,653.2,621.5,791.5,1360.6,662.8,1535.4,907.4,False,,
88,1072.0,28.0,803.6,143.4,863.8,231.2,1051.6,85.4,1105.4,176.1,449.3,653.2,621.7,791.8,1360.7,653.5,1531.1,897.6,False,,
89,nan,nan,805.0,143.4,869.3,231.2,1055.9,87.8,1114.2,176.7,448.3,653.2,621.8,791.9,1361.1,642.7,1528.4,856.5,False,,
90,nan,nan,807.4,143.4,875.8,231.1,1058.8,88.6,1123.8,176.9,447.7,653.3,620.7,792.1,1361.4,626.5,1523.2,839.1,False,,
91,1457.0,570.0,810.4,142.8,883.0,231.0,1062.6,89.2,1128.7,176.8,447.2,654.0,601.5,790.4,1360.5,612.1,1517.3,833.0,False,,
92,1439.0,505.0,813.1,142.3,890.6,231.0,1066.3,90.9,1131.4,176.8,446.7,654.0,592.1,789.3,1358.2,603.5,1512.7,831.0,False,,
93,1423.0,452.0,815.3,141.8,896.2,231.2,1068.7,91.1,1132.3,177.8,446.6,653.9,589.0,789.1,1357.5,598.0,1506.8,830.4,False,,
94,1406.0,404.0,817.1,142.2,903.0,231.4,1070.8,90.0,1132.2,177.9,446.4,652.5,611.5,793.6,1357.6,584.7,1501.2,830.8,False,,
95,1389.0,362.0,818.5,142.3,907.1,230.0,1070.7,89.5,1132.4,177.3,446.1,651.2,623.0,807.9,1357.4,580.9,1495.2,830.9,False,,
96,1375.0,326.0,819.2,141.9,912.6,230.5,1067.9,90.6,1132.0,177.6,445.7,650.7,629.4,817.5,1354.7,580.8,1488.7,830.2,False,,
97,nan,nan,819.5,140.9,916.8,230.8,1066.9,92.4,1131.5,177.8,445.7,650.7,630.7,819.4,1349.5,583.2,1484.3,829.3,False,,
98,nan,nan,819.3,140.2,919.9,230.9,1066.7,93.7,1134.1,177.3,446.3,650.5,626.7,807.4,1347.8,590.3,1479.5,828.0,False,,
99,nan,nan,818.8,139.7,920.9,230.7,1066.3,96.6,1138.2,177.6,447.1,650.3,632.4,819.7,1341.9,594.6,1474.5,827.0,False,,
100,nan,nan,818.8,137.6,920.9,230.7,1065.8,101.7,1145.5,177.8,447.4,650.2,622.5,804.6,1339.6,595.9,1469.1,826.9,False,,
101,nan,nan,819.3,135.8,921.2,230.4,1065.1,103.7,1153.0,177.6,448.0,650.0,622.1,800.3,1335.1,591.9,1465.0,827.0,False,,
102,nan,nan,820.4,134.6,921.8,230.2,1064.1,105.1,1160.2,178.2,448.6,650.1,624.8,817.9,1331.5,587.7,1462.6,826.9,False,,
103,nan,nan,823.2,132.3,921.5,229.5,1064.6,105.2,1165.9,178.3,450.4,650.2,622.0,803.4,1331.4,581.1,1461.6,822.3,False,,
104,nan,nan,826.3,130.0,921.5,228.1,1064.2,105.2,1169.4,178.8,452.0,650.4,616.7,796.7,1333.9,574.7,1461.1,816.8,False,,
105,nan,nan,830.1,128.3,920.9,227.2,1065.3,106.6,1178.4,178.4,453.8,651.5,605.1,791.3,1337.0,566.2,1460.8,808.5,False,,
106,1446.0,597.0,835.7,127.4,920.7,224.2,1068.1,106.6,1196.0,177.8,454.7,652.1,617.5,821.8,1342.8,557.1,1460.8,786.2,False,,
107,1267.0,165.0,840.9,125.3,919.9,222.3,1073.2,107.1,1212.6,178.1,456.8,653.9,611.6,829.5,1349.4,547.8,1460.7,776.9,False,,
108,1265.0,163.0,846.7,124.1,919.0,222.5,1079.7,107.8,1226.7,178.5,458.5,653.9,598.1,800.7,1352.3,537.0,1460.7,761.8,False,,
109,1259.0,163.0,851.6,123.6,919.5,222.4,1088.6,108.0,1242.3,179.1,460.5,654.0,602.8,788.2,1351.5,526.0,1462.0,746.6,False,,
110,1244.8461538461538,161.53846153846155,853.9,122.7,919.5,222.1,1099.5,109.7,1223.7,178.7,463.0,652.6,625.1,843.6,1346.3,517.2,1464.3,730.1,False,,
111,1230.6923076923076,160.07692307692307,854.5,122.3,919.6,221.9,1131.6,111.1,1247.5,178.0,464.9,653.5,632.1,810.2,1342.5,509.1,1465.1,714.9,False,,
112,1216.5384615384614,158.6153846153846,854.1,122.4,918.3,221.7,1137.9,111.9,1257.3,177.5,466.6,653.8,628.5,785.7,1328.2,503.0,1463.3,706.5,False,,
113,1202.3846153846155,157.15384615384616,852.1,122.4,918.3,221.8,1147.4,112.7,1259.7,179.5,468.6,653.5,632.9,786.2,1308.6,498.9,1459.1,695.3,False,,
114,1188.2307692307693,155.69230769230768,850.6,122.4,916.9,221.6,1153.3,111.2,1260.6,180.7,472.3,653.9,633.7,842.1,1290.1,496.1,1454.3,684.7,False,,
115,1174.076923076923,154.23076923076923,849.1,122.4,916.6,221.5,1156.7,110.2,1261.3,181.7,475.2,653.7,637.2,841.9,1273.1,495.4,1449.7,676.8,False,,
116,1159.923076923077,152.76923076923077,848.0,122.6,915.7,221.7,1161.1,108.9,1266.0,184.2,477.2,652.2,625.4,786.2,1261.4,496.6,1444.5,675.1,False,,
117,1145.7692307692307,151.30769230769232,846.0,122.8,913.7,221.7,1166.3,108.0,1272.5,185.0,479.1,651.0,623.3,785.7,1255.5,496.6,1439.6,674.5,False,,
118,1131.6153846153845,149.84615384615384,845.7,122.9,908.6,221.8,1199.4,109.5,1278.0,185.1,480.5,649.1,622.5,786.1,1250.7,495.9,1431.6,674.7,False,,
119,1117.4615384615386,148.3846153846154,845.0,122.1,901.8,222.2,1216.3,110.4,1279.6,185.2,483.1,646.9,628.9,807.7,1245.0,493.4,1422.3,674.3,False,,
120,1103.3076923076924,146.92307692307693,844.4,121.8,895.2,221.4,1225.2,110.1,1285.6,185.5,486.4,646.0,634.5,785.3,1241.0,489.4,1417.8,674.9,False,,
121,1089.1538461538462,145.46153846153845,842.7,122.0,892.3,220.8,1231.3,109.8,1298.1,185.6,490.2,645.8,631.5,787.6,1240.2,483.2,1414.1,669.2,False,,
122,1075.0,144.0,840.5,122.3,889.5,220.3,1236.9,108.4,1299.0,185.1,496.5,645.4,642.7,804.8,1238.8,476.5,1410.6,660.3,False,,
123,1055.5,149.5,837.9,122.3,888.2,220.8,1242.0,106.9,1305.3,185.6,500.6,648.2,653.9,788.8,1240.0,470.3,1403.3,652.0,False,,
124,1036.0,155.0,835.1,122.2,885.9,221.2,1242.8,105.9,1306.2,188.0,503.3,648.4,679.5,824.8,1239.7,463.6,1395.0,647.1,False,,
125,1013.0,160.0,831.1,120.4,882.0,221.3,1243.1,106.5,1305.9,188.8,502.2,649.7,683.2,825.4,1239.4,457.4,1390.2,642.3,False,,
126,990.0,169.0,827.8,118.7,879.1,221.7,1242.7,105.7,1305.9,188.4,494.1,650.4,655.1,790.5,1239.5,452.0,1385.7,639.7,False,,
127,966.0,178.0,828.2,116.9,876.2,220.2,1242.1,104.4,1306.3,188.0,483.3,648.8,683.6,827.1,1240.1,447.6,1383.3,637.6,False,,
128,932.0,196.0,824.8,116.0,875.1,217.7,1240.9,104.4,1307.4,187.4,464.1,645.7,682.5,827.0,1241.1,443.6,1380.5,636.8,False,,
129,905.0,214.0,821.3,114.0,874.8,216.6,1241.0,104.5,1307.8,187.0,442.4,643.2,677.2,821.1,1241.0,440.2,1378.3,636.7,False,,
130,878.0,232.0,818.5,113.1,873.8,214.9,1241.5,103.9,1307.3,187.6,423.4,640.9,653.0,803.2,1238.3,436.3,1374.3,636.4,False,,
131,851.0,250.0,818.8,112.4,871.7,210.9,1242.1,104.8,1306.5,187.8,409.6,638.6,637.9,794.0,1234.2,433.2,1375.5,636.2,False,,
132,824.0,268.0,818.9,110.8,869.0,208.7,1241.4,105.2,1305.9,187.5,404.1,636.5,628.9,790.8,1230.0,430.2,1374.0,636.4,False,,
133,797.0,286.0,818.1,109.9,866.0,207.4,1241.1,104.8,1305.1,186.8,398.8,632.5,608.4,787.4,1226.8,426.4,1371.4,636.6,False,,
134,770.0,304.0,816.6,107.8,863.9,206.2,1239.1,104.0,1304.1,186.2,390.1,627.1,579.6,784.8,1224.8,423.1,1363.4,636.5,False,,
135,739.0,331.0,814.1,107.0,862.0,205.4,1237.7,103.3,1305.1,185.2,382.5,619.2,536.5,783.6,1223.8,420.9,1360.4,634.1,False,,
136,711.0,356.0,813.5,107.1,860.3,204.1,1237.5,103.2,1305.1,184.5,375.5,610.3,520.0,783.2,1223.2,417.4,1352.0,630.1,False,,
137,682.0,386.0,811.4,107.7,857.8,202.9,1236.0,102.2,1301.8,182.9,,,,,1223.3,414.2,1344.9,621.7,False,,
138,653.0,417.0,808.7,107.4,856.2,199.9,,,,,362.1,592.4,504.1,782.3,1224.5,410.8,1338.9,613.8,False,,
139,623.0,450.0,805.2,107.4,855.4,197.4,1233.0,96.2,1278.4,172.8,355.6,584.7,495.6,782.2,1225.3,407.6,1334.1,602.9,False,,
140,598.0,481.0,804.8,105.0,854.8,194.7,1227.7,92.6,1273.0,169.7,350.1,578.4,480.1,779.9,1225.8,404.4,1332.2,592.0,False,,
141,575.0,498.0,803.0,102.5,854.8,194.1,1225.2,90.3,1267.9,171.1,345.5,571.5,455.0,765.7,1224.4,401.9,1330.9,586.9,False,,
142,556.0,489.0,804.7,98.8,855.0,193.4,1218.7,91.6,1263.5,171.9,339.1,565.6,442.3,749.2,1221.4,399.0,1329.1,585.9,False,,
143,535.0,481.0,805.0,96.6,854.4,191.5,1212.1,91.7,1257.5,172.2,322.2,559.0,438.2,741.8,1217.5,396.6,1326.9,586.7,False,,
144,519.0,476.0,805.1,95.3,854.3,190.4,1205.7,88.3,1254.0,172.1,305.9,552.9,435.8,738.1,1211.8,394.1,1324.6,586.7,False,,
145,499.0,471.0,802.9,95.1,854.7,187.8,1200.4,84.5,1248.9,170.6,296.1,545.8,432.8,732.3,1206.2,391.5,1322.2,586.6,False,,
146,483.0,469.0,803.2,94.9,854.8,185.6,1193.1,86.4,1244.4,168.9,294.3,541.0,429.2,724.3,1200.6,389.0,1319.6,586.9,True,player21,smash
147,463.0,464.0,803.3,95.3,855.1,183.3,1187.2,87.5,1240.2,168.1,292.7,537.0,424.5,715.3,1198.8,387.6,1316.5,586.3,False,,
148,445.0,465.0,803.5,95.0,855.8,182.1,1183.2,87.3,1230.5,167.3,297.6,532.7,413.9,704.9,1196.9,385.5,1311.9,585.6,False,,
149,nan,nan,803.0,94.5,856.6,181.7,1179.3,86.5,1224.2,166.7,297.6,527.0,403.3,692.6,1197.1,383.5,1307.6,584.0,False,,
150,nan,nan,801.3,93.5,857.2,181.7,1171.3,86.9,1214.4,166.3,297.2,522.1,397.7,681.8,1197.7,380.9,1303.4,581.1,False,,
151,nan,nan,801.3,93.6,858.2,180.1,1161.9,85.8,1206.0,166.4,295.6,516.0,393.3,676.2,1198.2,377.6,1299.0,573.0,False,,
152,nan,nan,799.8,93.2,859.7,178.8,1152.0,84.1,1201.8,165.9,260.6,510.7,392.9,674.2,1199.2,374.8,1294.8,565.2,False,,
153,nan,nan,800.5,93.1,859.2,176.7,1143.0,83.0,1198.9,166.5,274.3,502.7,393.1,674.1,1199.7,372.0,1291.1,556.8,False,,
154,nan,nan,803.7,92.6,858.9,172.3,1134.7,81.6,1195.7,167.1,288.9,493.9,395.5,674.0,1200.9,368.7,1289.0,550.0,False,,
155,nan,nan,814.0,91.4,860.4,170.6,1127.2,80.8,1191.3,166.3,298.5,486.0,398.0,672.3,1200.4,365.1,1287.4,543.9,False,,
156,nan,nan,815.1,90.4,861.3,170.1,1119.8,80.9,1185.4,164.1,303.8,477.8,398.4,669.6,1200.4,361.7,1286.6,539.7,False,,
157,823.0,19.0,817.6,89.4,861.4,169.3,1119.8,80.5,1179.1,163.4,306.4,471.0,399.4,666.1,1199.7,359.4,1287.0,538.4,False,,
158,nan,nan,822.2,87.0,863.7,166.9,1109.2,80.3,1173.2,161.9,311.3,464.4,424.8,662.1,1199.4,357.5,1288.9,538.2,False,,
159,nan,nan,824.1,86.6,865.1,165.9,1101.8,80.2,1168.5,162.4,316.0,457.3,447.4,655.2,1199.6,355.2,1295.5,537.8,False,,
160,nan,nan,824.0,86.5,865.4,165.3,1095.8,79.7,1164.7,161.6,318.5,450.5,458.8,646.0,1199.5,354.3,1299.3,537.9,False,,
161,nan,nan,824.3,85.5,865.1,163.4,1092.1,81.0,1160.9,160.9,320.4,444.2,475.2,633.7,1196.1,354.3,1297.1,536.6,False,,
162,nan,nan,824.5,83.6,865.7,161.7,1097.6,82.4,1157.7,162.0,321.7,438.5,486.7,622.1,1191.8,353.9,1297.5,533.9,False,,
163,nan,nan,824.3,82.1,866.2,159.7,1095.1,83.2,1153.1,161.0,320.2,433.1,480.0,610.1,1186.1,354.2,1301.0,530.9,False,,
164,nan,nan,824.1,81.2,867.1,158.6,1087.0,86.1,1149.6,161.5,320.7,428.2,476.6,597.1,1182.3,353.6,1302.1,529.9,False,,
165,nan,nan,823.5,80.5,867.5,156.9,1083.8,89.4,1146.3,162.1,317.4,425.1,475.7,587.6,1178.8,352.6,1299.1,529.7,False,,
166,884.0,214.0,824.5,79.9,868.8,155.5,1082.0,89.8,1143.9,162.2,315.9,424.8,478.7,576.1,1172.8,352.0,1297.1,530.0,False,,
167,925.5,202.5,825.3,78.5,869.9,153.9,1081.2,91.0,1142.3,162.6,318.0,425.6,502.9,568.0,1165.4,351.7,1292.1,532.4,False,,
168,967.0,191.0,826.1,77.7,871.7,152.6,1080.1,92.6,1141.7,162.8,324.3,426.5,510.6,562.6,1158.7,352.1,1286.7,535.9,False,,
169,996.5,185.5,826.8,77.8,874.1,151.4,1083.8,93.8,1144.0,162.5,344.5,427.8,498.7,559.6,1155.3,353.0,1281.9,539.4,False,,
170,1026.0,180.0,827.5,76.9,877.3,150.8,1085.3,94.3,1147.0,161.3,365.7,428.0,511.1,559.1,1154.4,354.0,1278.7,541.2,False,,
171,1050.0,175.0,828.5,76.3,879.2,150.7,1086.8,94.0,1150.7,161.4,375.0,424.2,518.3,559.0,1154.2,353.9,1276.4,541.7,True,player12,backhand
172,1070.2857142857142,174.85714285714286,829.3,75.3,880.1,150.8,1087.6,93.6,1154.8,160.1,379.1,420.2,526.9,558.5,1154.1,353.6,1274.6,542.0,False,,
173,1090.5714285714287,174.71428571428572,831.2,73.6,880.5,150.9,1088.3,92.4,1160.7,159.6,382.7,416.4,534.9,555.5,1153.9,353.6,1274.0,542.0,False,,
174,1110.857142857143,174.57142857142858,832.6,72.7,880.3,151.1,1088.8,92.4,1166.1,159.6,388.3,413.2,543.2,551.3,1154.0,352.9,1273.7,542.0,False,,
175,1131.142857142857,174.42857142857142,834.3,72.3,879.9,151.5,1088.6,92.6,1173.1,159.8,399.0,410.2,554.5,546.4,1154.4,352.4,1273.6,542.2,False,,
176,1151.4285714285713,174.28571428571428,834.5,71.0,879.5,151.7,1090.4,93.4,1179.9,159.8,416.3,407.9,569.8,541.6,1154.4,352.2,1273.6,542.2,False,,
177,1171.7142857142858,174.14285714285714,833.9,70.5,879.3,151.8,1107.3,94.8,1182.9,160.4,441.3,403.5,584.1,538.1,1154.4,352.0,1274.8,541.6,False,,
178,1192.0,174.0,833.6,69.1,879.4,151.9,1096.7,95.6,1187.1,160.9,469.9,398.4,577.5,533.3,1154.3,351.3,1277.1,541.0,False,,
179,1204.0,165.0,833.6,68.7,879.5,151.9,1097.0,98.5,1190.5,161.5,488.2,391.3,614.1,533.1,1154.5,350.8,1279.6,540.4,False,,
180,1212.0,159.0,834.0,68.0,879.4,151.7,1123.9,98.5,1200.2,162.7,500.8,385.6,630.1,536.1,1154.3,349.9,1282.9,539.6,False,,
181,nan,nan,834.5,67.5,879.7,151.6,1141.2,101.4,1207.8,162.9,511.9,380.6,647.8,534.8,1153.5,348.8,1285.5,537.8,False,,
182,524.0,518.0,835.4,67.2,879.7,150.7,1143.1,102.0,1213.9,163.2,519.1,376.2,663.3,533.3,1153.3,347.5,1287.4,535.9,False,,
183,nan,nan,836.4,66.7,879.8,149.7,1153.0,102.5,1215.1,160.3,532.1,373.2,683.5,526.7,1158.3,345.5,1289.2,534.8,False,,
184,nan,nan,837.4,66.0,879.9,149.1,,,,,557.3,372.2,693.0,516.2,1162.3,342.9,1291.4,533.5,False,,
185,nan,nan,837.7,65.9,879.9,148.9,1163.3,102.1,1219.2,158.7,582.4,372.9,706.5,512.2,1162.9,341.5,1293.1,531.5,False,,
186,nan,nan,837.8,65.7,879.6,148.9,1163.2,100.7,1227.9,161.1,603.6,370.6,706.9,507.8,1163.5,341.0,1294.7,528.1,False,,
187,nan,nan,838.2,65.7,879.3,149.0,1164.2,98.9,1236.9,163.0,621.2,369.3,714.9,509.0,1164.8,341.8,1295.6,527.2,False,,
188,nan,nan,838.3,65.9,879.1,149.5,1165.8,97.9,1242.5,163.6,634.7,367.7,726.6,506.6,1166.0,344.0,1296.4,527.4,False,,
189,nan,nan,838.2,65.7,878.9,149.6,1169.1,95.6,1244.0,162.8,646.5,366.0,749.7,506.1,1165.2,346.4,1296.0,527.2,False,,
190,nan,nan,838.1,65.5,878.8,149.5,1180.2,94.9,1243.7,161.1,655.6,366.4,780.8,508.7,1165.9,347.2,1294.0,527.0,False,,
191,nan,nan,838.1,65.3,878.7,149.3,1189.6,93.8,1242.9,159.7,665.6,368.0,795.7,508.3,1166.3,346.5,1288.7,526.0,False,,
192,nan,nan,837.8,65.8,878.5,149.4,1194.2,92.6,1245.2,161.1,675.7,367.5,800.2,511.9,1166.4,344.7,1285.8,522.6,False,,
193,1121.0,80.0,837.4,66.6,878.5,149.3,1201.4,90.5,1246.7,160.6,688.0,367.3,803.9,507.4,1166.3,343.4,1284.4,520.4,False,,
194,1110.0,80.0,836.8,66.6,878.4,149.4,1205.7,86.8,1247.3,160.6,701.0,369.6,813.5,505.5,1166.5,342.0,1283.8,516.9,False,,
195,905.0,44.0,835.7,65.7,878.4,149.3,1208.9,85.1,1246.7,160.6,717.3,370.9,821.4,508.9,1166.3,341.1,1282.9,512.6,False,,
196,1086.0,79.0,834.9,64.7,878.2,148.9,1210.7,82.9,1247.3,160.8,728.3,372.3,825.2,519.0,1165.9,340.5,1280.6,509.7,False,,
197,1058.5,73.66666666666667,834.0,64.8,878.2,148.7,1212.2,81.0,1248.3,160.8,736.5,373.8,829.5,531.9,1166.0,340.5,1278.0,508.2,False,,
198,1031.0,68.33333333333333,832.8,64.3,878.7,147.3,1213.7,80.0,1249.8,161.1,741.9,370.7,832.5,542.7,1166.2,340.4,1276.9,507.8,False,,
199,1003.5,63.0,832.5,65.8,878.9,146.1,1214.7,79.5,1250.4,160.2,744.7,357.2,835.9,549.8,1166.0,340.7,1276.7,507.9,False,,
200,976.0,57.66666666666667,831.4,66.0,878.8,147.6,1215.7,79.0,1250.8,159.2,746.8,346.1,840.5,554.5,1166.1,341.4,1277.8,508.7,False,,
201,948.5,52.333333333333336,831.4,67.5,879.1,147.2,1217.5,78.6,1251.0,158.1,748.3,340.3,842.1,559.5,1166.4,341.4,1279.6,509.3,False,,
202,921.0,47.0,829.9,67.4,879.1,148.3,1216.7,78.5,1251.6,157.0,748.9,339.4,846.6,563.5,1166.4,341.3,1281.0,509.8,False,,
203,973.0,123.0,828.7,68.5,879.0,147.5,1215.8,78.5,1252.9,154.8,748.7,345.0,851.4,566.9,1165.7,340.5,1283.5,510.1,False,,
204,950.5,139.5,826.9,69.7,879.5,148.3,1214.7,78.3,1252.9,153.2,748.9,353.7,851.9,568.9,1166.5,339.1,1286.4,509.9,False,,
205,928.0,156.0,826.1,70.3,879.0,148.3,1210.4,78.2,1253.3,152.5,746.8,362.6,853.1,569.7,1166.3,338.2,1290.1,510.1,False,,
206,907.0,176.0,824.5,70.4,879.2,148.1,1207.6,77.7,1253.7,152.7,743.1,372.2,852.5,569.6,1167.4,338.0,1293.1,510.2,False,,
207,882.0,198.0,822.6,71.0,878.3,147.8,1204.5,78.2,1253.9,152.9,736.0,379.9,852.1,569.5,1172.0,337.8,1295.7,510.3,False,,
208,1215.0,421.0,820.7,71.8,876.7,148.7,1202.4,79.0,1253.9,152.6,702.3,388.9,853.2,570.0,1170.8,337.1,1298.8,510.4,False,,
209,831.0,254.0,819.2,72.4,872.2,148.9,1198.1,77.8,1254.0,152.7,709.2,397.3,853.8,570.0,1170.8,336.3,1301.7,510.9,False,,
210,801.0,287.0,817.0,72.3,867.9,149.9,1195.0,75.5,1253.6,153.0,707.8,388.5,856.2,566.8,1175.1,335.3,1303.6,511.2,False,,
211,774.0,322.0,816.0,72.3,865.3,150.9,1194.0,72.6,1252.4,152.4,703.3,375.3,859.0,563.5,1175.8,334.9,1305.4,511.4,False,,
212,914.0,38.0,814.9,72.7,863.4,151.4,1192.2,71.0,1251.1,151.8,698.9,365.6,861.7,569.1,1175.6,334.5,1307.1,511.4,False,,
213,806.0,291.0,812.9,73.4,863.2,153.9,1190.8,70.6,1250.0,151.9,694.6,366.2,866.7,578.5,1175.1,334.2,1308.9,511.4,False,,
214,826.0,277.0,810.6,74.8,862.8,156.7,1188.5,72.2,1247.3,151.4,691.4,371.7,871.8,591.1,1173.6,334.2,1309.4,511.2,False,,
215,844.0,258.0,809.5,76.3,862.6,157.2,1187.8,70.8,1245.2,149.5,689.4,382.1,874.0,605.5,1172.0,334.2,1309.5,511.3,False,,
216,859.0,249.0,808.5,78.9,862.2,157.4,1187.4,70.2,1242.3,148.2,689.3,400.3,856.1,619.5,1170.5,334.3,1309.3,511.4,False,,
217,924.0,39.0,807.1,80.7,862.6,157.6,1186.8,69.4,1239.7,148.3,689.4,417.9,844.5,628.4,1169.4,333.7,1309.3,512.2,False,,
218,885.0,235.0,806.2,81.7,863.3,157.5,1186.3,69.7,1236.8,148.1,687.2,433.3,837.3,632.1,1168.3,333.2,1309.2,512.6,False,,
219,896.0,229.0,806.4,82.5,863.7,157.4,1183.3,69.5,1235.2,147.1,684.9,453.0,829.6,634.6,1168.5,333.0,1309.5,512.7,False,,
220,904.0,225.0,808.3,82.7,863.8,157.6,1178.8,69.4,1234.0,146.4,681.2,470.0,818.8,636.6,1167.9,333.0,1309.6,513.1,False,,
221,915.0,224.0,809.7,82.5,865.5,157.9,1177.1,72.0,1234.2,146.2,675.0,479.5,820.4,672.6,1168.2,334.1,1308.7,513.9,False,,
222,920.0,224.0,811.3,82.5,867.6,157.9,1174.3,74.1,1233.8,146.3,655.3,486.6,820.1,699.9,1170.6,335.1,1307.4,514.5,False,,
223,926.0,224.0,811.5,80.8,870.4,158.1,1165.8,74.6,1233.8,146.8,637.2,494.7,818.3,718.5,1178.5,336.7,1305.3,514.7,False,,
224,930.0,228.0,811.6,80.2,871.9,158.0,1168.0,73.4,1232.9,147.6,621.9,503.0,808.2,730.6,1174.2,337.4,1301.5,515.1,False,,
225,nan,nan,812.5,79.3,874.2,156.7,1168.2,72.7,1214.1,141.7,611.3,512.0,803.8,736.8,1171.5,337.9,1298.2,515.2,False,,
226,nan,nan,825.3,78.6,875.3,149.7,1158.4,71.0,1202.9,135.8,607.0,518.2,794.7,737.3,1169.5,338.0,1295.0,515.4,False,,
227,789.0,626.0,818.9,75.9,878.3,154.0,1137.8,69.4,1194.9,123.5,606.5,521.1,782.7,737.9,1167.3,337.9,1291.8,515.5,False,,
228,nan,nan,839.1,76.2,885.2,143.2,1124.9,69.8,1197.9,131.8,606.2,522.3,770.0,738.7,1166.1,337.6,1287.8,515.2,False,,
229,nan,nan,845.4,77.0,890.9,137.4,1116.4,69.3,1197.8,133.5,602.0,523.0,762.1,737.1,1165.4,336.7,1283.8,515.2,False,,
230,nan,nan,849.1,77.8,903.7,140.1,1109.4,68.0,1198.3,136.3,595.9,525.7,769.8,745.1,1165.3,335.7,1279.5,515.1,False,,
231,964.0,151.0,851.1,78.5,901.9,142.8,1106.8,67.1,1194.7,136.2,589.7,529.8,764.8,754.9,1165.0,335.7,1275.6,514.8,False,,
232,965.5,138.5,850.4,78.7,905.0,145.6,1101.4,68.0,1189.5,136.6,582.6,534.5,736.7,761.1,1163.8,334.5,1270.3,514.7,False,,
233,967.0,126.0,851.0,78.5,912.6,146.6,1099.3,68.2,1181.5,137.0,577.5,537.9,719.4,763.4,1163.2,332.7,1265.9,514.1,True,player11,smash
234,970.0,115.0,851.4,79.2,923.2,147.7,1090.2,67.8,1162.2,138.0,579.3,539.1,704.9,763.7,1163.4,330.1,1262.6,513.0,False,,
235,967.95,111.6,851.8,79.6,930.8,147.1,1085.0,67.1,1152.1,137.2,584.2,536.9,699.1,762.7,1163.9,327.8,1259.7,510.4,False,,
236,965.9,108.2,852.7,79.2,938.3,146.6,1080.6,67.4,1140.4,136.5,587.4,529.8,700.9,760.6,1162.7,326.9,1257.5,508.6,False,,
237,963.85,104.8,855.7,79.7,940.6,147.0,1076.5,67.2,1131.6,136.0,589.8,522.4,698.7,757.2,1156.0,327.6,1255.7,509.2,False,,
238,961.8,101.4,862.2,79.1,941.8,147.6,1076.7,66.1,1126.0,135.4,592.6,513.4,698.0,751.5,1143.9,329.0,1254.6,507.5,False,,
239,959.75,98.0,870.2,78.4,943.0,147.6,1072.1,65.1,1119.5,134.9,595.0,505.7,708.5,740.3,1134.3,330.9,1251.6,508.0,False,,
240,957.7,94.6,881.3,78.0,943.9,146.3,1064.5,63.7,1115.8,135.0,598.6,498.3,715.7,727.7,1130.2,331.9,1248.9,509.2,False,,
241,955.65,91.2,897.1,76.2,946.4,147.1,1058.7,63.5,1113.4,135.2,600.7,492.0,721.6,712.6,1128.4,332.4,1246.4,509.8,False,,
242,953.6,87.8,906.5,73.8,951.6,148.2,1052.9,63.1,1111.3,135.2,601.5,484.7,725.9,693.6,1128.4,331.6,1244.2,509.9,False,,
243,951.55,84.4,912.2,71.3,955.4,149.1,1050.4,62.2,1110.4,135.2,601.6,477.0,729.1,678.0,1126.9,330.1,1242.4,508.9,False,,
244,949.5,81.0,918.0,69.6,961.9,148.8,1048.7,62.2,1109.2,135.6,600.9,469.7,731.6,668.8,1125.5,329.2,1240.5,505.9,False,,
245,947.45,77.6,921.3,70.8,965.6,149.7,1046.9,62.0,1106.6,136.1,600.6,463.4,733.4,662.1,1119.5,328.9,1239.1,505.8,False,,
246,945.4,74.2,929.0,70.5,970.5,147.3,1046.6,61.8,1104.4,136.5,600.2,458.9,730.4,653.2,1109.5,330.6,1237.5,505.2,False,,
247,943.35,70.80000000000001,933.6,74.6,976.4,153.1,1045.2,61.9,1101.0,136.5,597.8,455.6,731.8,641.6,1098.1,333.6,1236.2,505.4,False,,
248,941.3,67.4,938.0,76.5,980.5,156.8,1044.6,62.1,1096.9,136.4,598.9,453.0,732.0,630.2,1089.3,336.5,1234.5,505.0,False,,
249,939.25,64.0,943.2,79.5,984.4,154.9,1043.8,61.7,1093.0,136.2,604.5,450.6,733.4,618.5,1083.2,339.7,1232.9,505.3,False,,
250,937.2,60.6,946.8,79.7,996.4,160.1,1042.2,60.2,1090.9,135.8,610.1,446.8,739.6,610.1,1080.6,342.6,1232.6,504.9,False,,
251,935.15,57.2,950.5,81.5,1002.7,159.8,1039.9,59.6,1089.7,135.5,618.7,442.3,742.9,604.7,1079.7,345.4,1232.2,504.4,False,,
252,933.1,53.800000000000004,954.5,82.2,1004.1,161.8,1039.2,59.3,1089.4,135.4,626.0,438.6,747.0,597.7,1079.4,345.9,1231.9,503.8,False,,
253,931.05,50.400000000000006,957.5,82.6,1003.1,162.7,1038.8,59.0,1089.3,135.4,632.5,434.7,751.3,594.3,1078.9,344.9,1229.9,503.7,False,,
254,929.0,47.0,959.5,83.4,1004.6,162.4,1039.4,58.9,1089.1,135.4,637.3,431.4,756.3,592.8,1078.2,343.8,1227.2,503.8,False,,
255,922.0,50.0,960.2,83.5,1008.7,162.9,1038.8,58.7,1089.3,135.6,640.9,428.3,765.3,592.3,1078.2,343.0,1221.4,504.1,False,,
256,916.0,54.0,960.2,83.7,1012.3,164.7,1037.8,58.2,1089.4,136.0,645.6,424.2,769.4,590.7,1078.7,342.5,1214.5,504.7,True,player11,smash
257,904.0,58.0,959.0,83.9,1014.7,165.9,1039.0,58.2,1089.4,135.8,650.2,418.5,770.5,590.7,1077.8,343.7,1206.9,506.3,False,,
258,894.0,67.0,957.9,83.9,1015.1,167.3,1040.7,58.1,1089.7,137.2,656.7,412.0,770.9,589.9,1074.1,343.9,1198.5,505.7,False,,
259,1064.0,409.0,956.0,83.7,1017.2,169.5,1041.5,58.1,1089.5,137.5,664.1,409.9,775.0,590.2,1075.1,344.3,1190.6,505.2,False,,
260,1069.0,412.0,956.0,84.5,1013.1,170.9,1041.2,58.1,1089.5,137.5,672.1,410.3,778.8,590.2,1078.6,345.1,1182.4,506.1,False,,
261,1073.0,417.0,956.4,86.7,1012.0,172.5,1039.6,58.1,1089.3,137.4,675.6,410.9,781.7,587.3,1080.4,346.7,1176.3,507.3,False,,
262,1075.0,421.0,956.3,87.4,1014.8,173.3,1039.9,58.1,1089.0,137.6,677.2,413.8,783.0,589.4,1080.2,347.9,1173.7,510.4,False,,
263,1078.0,425.0,955.3,89.7,1017.5,173.9,1041.9,58.1,1088.9,137.6,677.1,419.1,783.8,585.2,1080.4,349.2,1173.6,513.1,False,,
264,1079.0,429.0,952.3,90.9,1009.0,174.2,1043.1,57.7,1089.0,137.5,675.7,427.3,783.9,589.1,1080.9,350.1,1174.2,517.5,False,,
265,1082.0,433.0,940.8,91.6,1009.1,174.1,1044.8,57.4,1089.3,137.7,673.8,438.8,782.1,593.1,1080.2,350.8,1176.0,519.7,False,,
266,776.0,219.0,931.1,92.2,1007.0,174.8,1044.9,57.5,1089.9,137.7,671.3,449.7,777.7,594.2,1078.7,350.8,1178.8,520.8,False,,
267,1085.0,440.0,929.7,93.0,1004.3,174.9,1045.3,57.7,1090.6,137.7,669.3,458.2,775.2,595.2,1080.2,350.7,1183.4,521.1,False,,
268,735.0,294.0,928.5,93.1,1003.1,174.8,1045.9,58.0,1091.0,137.8,668.4,464.5,774.5,596.4,1075.9,350.0,1194.2,521.8,False,,
269,714.0,344.0,924.4,91.6,1001.9,175.6,1046.2,58.1,1091.2,137.8,667.1,469.4,779.1,596.5,1077.4,350.8,1203.6,522.1,False,,
270,1099.0,442.0,923.8,91.6,1000.6,174.9,1046.3,58.2,1091.8,137.8,666.5,475.2,783.5,596.9,1084.0,350.5,1210.6,522.4,False,,
271,1110.0,438.0,921.9,91.0,999.6,174.6,1046.1,58.2,1092.3,138.0,663.1,479.9,790.7,605.2,1092.3,351.5,1215.9,525.4,False,,
272,nan,nan,921.7,89.0,997.2,174.8,1046.1,58.2,1092.7,138.0,644.6,483.7,788.9,624.6,1104.7,352.7,1217.6,529.1,False,,
273,627.0,595.0,919.4,88.6,991.6,174.3,1046.5,58.3,1093.2,138.2,650.9,489.2,780.8,643.0,1114.1,355.1,1216.1,535.6,False,,
274,607.0,674.0,919.4,88.1,985.5,173.4,1046.5,58.3,1093.3,138.4,650.8,494.5,769.0,659.8,1120.3,357.6,1213.3,541.5,False,,
275,990.0,38.0,917.1,86.0,977.0,174.2,1046.7,58.6,1093.5,138.5,647.1,501.4,769.4,675.1,1124.4,360.5,1207.4,547.8,False,,
276,990.0,38.0,915.6,85.2,967.1,173.1,1047.0,59.1,1093.6,138.5,640.8,509.5,767.1,685.6,1126.6,363.0,1206.9,555.4,False,,
277,990.0,39.0,913.2,84.4,960.4,172.6,1046.9,59.4,1093.6,138.6,634.3,518.3,758.6,687.0,1127.2,366.5,1208.4,558.0,False,,
278,991.0,39.0,911.4,84.4,956.9,173.2,1046.5,59.2,1093.4,138.6,628.2,525.1,763.1,688.6,1128.0,369.0,1210.9,558.7,False,,
279,991.0,39.0,908.9,85.2,954.4,174.0,1046.0,59.2,1093.2,138.6,623.8,529.8,769.7,689.1,1128.9,371.5,1212.7,559.0,False,,
280,990.0,39.0,907.6,86.2,953.7,176.1,1045.6,59.2,1093.0,138.6,616.7,532.6,767.5,686.2,1129.9,374.1,1214.7,559.1,False,,
281,990.0,39.0,904.9,86.6,953.0,177.6,1044.8,59.6,1092.8,138.8,608.3,534.4,759.9,688.6,1128.1,375.4,1216.3,559.5,False,,
282,563.0,1007.0,884.6,87.0,950.5,178.3,1044.4,60.0,1092.7,138.9,599.9,535.9,747.4,698.1,1123.8,376.1,1217.6,560.0,False,,
283,nan,nan,878.4,87.8,949.6,178.4,1044.0,60.1,1093.0,138.9,591.3,537.6,736.1,703.7,1120.2,376.5,1217.9,560.1,False,,
284,nan,nan,882.0,90.3,947.0,178.6,1043.9,60.1,1093.4,139.0,582.6,540.3,721.1,705.1,1119.0,376.4,1218.0,560.2,False,,
285,nan,nan,891.2,90.8,943.2,179.6,1043.8,60.4,1093.7,139.0,573.7,543.9,708.9,719.9,1119.3,376.5,1217.2,560.1,False,,
286,989.0,36.0,869.8,90.5,942.5,181.4,1043.7,60.6,1094.1,139.0,565.2,550.1,699.9,728.1,1121.2,376.5,1216.6,559.8,False,,
287,546.0,825.0,883.9,91.1,943.3,182.9,1043.9,60.8,1095.0,139.1,552.6,556.1,696.9,731.5,1123.9,375.3,1214.7,559.9,False,,
288,nan,nan,877.8,91.1,943.8,181.1,1044.1,61.2,1096.2,138.5,543.1,562.2,696.6,733.2,1129.9,374.4,1214.7,559.5,False,,
289,nan,nan,874.7,91.2,940.2,182.8,1043.8,61.4,1096.9,138.4,528.4,567.0,696.6,733.5,1134.3,374.1,1214.2,559.8,False,,
290,nan,nan,879.8,90.6,936.3,182.7,1044.4,61.6,1098.4,138.3,518.3,570.8,696.4,740.5,1140.7,373.8,1214.4,560.0,False,,
291,nan,nan,872.4,91.0,933.0,182.3,1045.0,61.7,1099.3,138.4,512.4,573.7,696.3,737.8,1143.9,373.0,1214.9,560.4,False,,
292,nan,nan,864.6,90.9,931.1,183.6,1045.2,61.7,1099.8,138.6,499.3,576.9,695.9,736.2,1134.1,371.5,1215.4,559.0,False,,
293,nan,nan,872.8,91.6,927.9,183.2,1045.4,61.7,1100.3,140.0,488.2,578.3,693.3,735.9,1134.0,370.8,1216.9,559.8,False,,
294,nan,nan,872.9,91.8,926.6,184.0,1045.6,62.0,1101.5,140.7,480.7,579.5,686.2,735.3,1135.0,370.1,1218.7,560.6,False,,
295,nan,nan,867.3,91.0,925.3,184.9,1046.3,62.4,1102.0,141.3,476.2,579.9,676.7,734.6,1137.1,368.7,1221.0,560.6,False,,
296,nan,nan,863.3,90.7,924.0,186.0,1045.9,63.1,1101.7,141.8,472.1,578.8,664.7,734.8,1138.0,368.2,1222.5,560.0,False,,
297,1139.0,456.0,858.7,90.5,923.1,187.7,1045.9,63.9,1101.9,143.5,469.2,577.2,648.6,733.9,1139.6,367.6,1224.3,560.0,False,,
298,nan,nan,853.3,89.6,921.8,188.6,1045.5,65.1,1101.4,144.7,467.1,575.5,631.4,733.1,1140.5,366.0,1225.6,559.9,False,,
299,nan,nan,851.4,89.6,921.2,189.0,1046.2,65.5,1098.3,146.2,464.8,574.4,600.7,729.4,1143.2,364.6,1226.9,560.1,False,,
300,nan,nan,845.2,89.7,921.5,188.8,1046.4,64.8,1096.0,147.2,462.2,572.6,577.5,727.4,1146.5,362.6,1228.3,559.9,False,,
301,549.0,634.0,842.2,90.2,920.9,188.8,1045.9,64.4,1094.0,147.7,457.9,570.7,568.3,729.2,1146.1,361.5,1229.5,559.7,False,,
302,554.0,631.0,841.4,89.8,919.2,187.8,1045.5,64.9,1092.0,147.5,455.8,569.7,566.3,730.0,1141.7,359.6,1230.9,559.6,False,,
303,555.0,633.0,840.2,88.3,899.0,188.7,1045.2,65.1,1090.6,147.7,453.2,569.0,566.3,731.9,1139.6,357.8,1232.6,559.5,False,,
304,557.0,637.0,837.7,85.4,889.1,188.8,1045.3,64.9,1089.7,147.2,450.8,568.8,565.9,732.0,1144.7,356.4,1234.0,559.6,False,,
305,560.0,641.0,834.9,82.6,891.1,188.5,1045.1,64.4,1088.9,147.4,449.3,568.8,567.9,733.0,1139.0,355.4,1234.7,559.4,False,,
306,563.0,646.0,832.4,81.6,890.7,187.2,1044.8,64.3,1087.8,146.9,447.9,569.2,569.2,735.3,1141.3,354.1,1235.1,558.3,False,,
307,567.0,653.0,830.5,82.4,885.6,187.7,1044.7,64.3,1086.7,147.0,445.6,569.7,569.6,736.9,1141.3,353.3,1235.4,556.4,False,,
308,572.0,662.0,829.6,84.6,881.5,187.8,1044.3,64.4,1086.8,147.2,442.6,570.1,568.3,740.3,1141.4,352.2,1235.9,553.8,False,,
309,578.0,671.0,829.7,86.1,880.2,188.3,1044.3,64.3,1087.0,147.2,440.1,570.2,559.0,741.7,1141.7,351.0,1236.7,550.2,False,,
310,583.0,680.0,825.1,86.8,882.1,191.6,1044.4,64.2,1087.1,148.4,438.6,569.9,544.7,740.0,1142.0,350.8,1236.9,546.2,False,,
311,590.0,692.0,815.1,88.4,882.8,193.0,1044.7,64.2,1087.2,148.2,436.2,569.9,536.0,741.2,1143.4,350.8,1237.2,541.7,False,,
312,593.0,695.0,808.0,89.6,882.5,193.3,1044.9,64.2,1087.1,149.8,434.8,570.2,531.4,741.2,1142.5,349.6,1237.2,537.1,False,,
313,588.0,683.0,804.3,89.3,880.8,193.9,1045.0,64.4,1087.2,150.6,434.4,570.8,529.2,743.1,1140.1,349.0,1237.0,533.8,False,,
314,587.0,676.0,802.1,89.2,878.9,194.1,1045.1,64.6,1087.4,151.6,431.8,571.5,528.1,743.7,1139.9,348.7,1236.8,531.4,False,,
315,585.0,668.0,800.5,88.6,874.4,194.1,1045.2,64.7,1087.2,151.6,424.5,572.0,527.5,742.9,1138.8,348.6,1236.8,530.4,False,,
316,584.0,662.0,797.9,88.1,868.7,194.2,1045.2,64.9,1087.1,152.1,418.4,572.0,527.4,742.8,1137.3,347.2,1236.3,529.9,False,,
317,583.0,657.0,795.2,87.9,860.8,193.7,1045.1,64.8,1087.3,152.1,412.9,572.4,526.8,741.2,1134.3,345.4,1234.7,530.2,False,,
318,583.0,653.0,790.0,88.3,850.4,193.1,1045.2,64.9,1088.0,153.1,409.4,573.2,527.1,738.0,1134.2,344.3,1234.0,529.6,False,,
319,583.0,649.0,786.4,88.6,838.4,192.9,1045.3,64.8,1088.5,153.0,407.7,573.7,537.4,742.4,1132.9,342.4,1233.3,529.9,False,,
320,584.0,648.0,782.0,90.0,830.7,192.8,1045.3,64.8,1090.8,152.9,407.6,574.2,543.7,744.2,1132.0,341.1,1231.8,530.1,False,,
321,586.0,648.0,778.1,91.2,827.0,193.2,1045.2,64.6,1092.0,152.8,410.1,574.5,550.7,745.1,1132.2,340.1,1231.0,530.4,False,,
322,588.0,649.0,773.6,91.5,825.3,192.3,1045.1,64.9,1092.7,153.0,412.9,574.9,557.5,744.7,1132.6,338.7,1229.5,530.4,False,,
323,595.0,610.0,770.5,93.3,825.2,192.9,1045.3,65.6,1093.8,153.4,416.2,575.0,559.9,745.9,1134.1,337.8,1228.2,530.0,False,,
324,603.0,560.0,769.4,94.1,825.2,193.0,1044.9,66.2,1094.5,153.5,419.0,575.5,561.8,746.9,1134.4,336.4,1225.7,529.6,False,,
325,610.0,514.0,766.8,96.8,824.6,193.0,1044.1,66.9,1095.0,153.8,421.3,574.7,558.3,747.4,1134.9,335.2,1224.0,528.3,False,,
326,620.0,473.0,764.7,97.8,824.7,193.4,1042.4,66.7,1095.5,153.5,423.3,565.0,554.3,748.1,1134.7,333.3,1222.9,526.5,False,,
327,630.0,433.0,761.1,97.3,823.1,193.7,1041.0,66.8,1095.4,153.3,425.4,557.5,547.8,748.8,1133.3,331.1,1221.2,522.9,False,,
328,640.0,398.0,758.7,96.5,819.1,193.5,1041.2,67.0,1095.1,153.1,427.6,550.7,539.0,752.5,1131.2,329.1,1219.4,519.5,False,,
329,650.0,368.0,756.7,96.1,814.6,192.6,1042.8,67.1,1094.5,153.3,429.1,545.8,538.3,758.9,1130.0,328.0,1218.0,516.4,False,,
330,660.0,340.0,753.2,96.0,807.2,190.8,1044.0,67.0,1093.6,153.7,430.9,545.0,537.1,764.0,1129.1,326.6,1216.8,512.7,False,,
331,670.0,315.0,749.5,95.7,799.3,187.9,1041.5,66.9,1092.9,153.5,431.8,562.2,536.2,770.4,1129.2,325.8,1215.9,508.6,False,,
332,680.0,295.0,749.9,94.6,794.0,187.2,1041.4,66.9,1092.6,153.6,432.7,570.7,542.6,775.6,1129.4,324.0,1215.0,504.1,False,,
333,690.0,277.0,748.6,93.9,789.9,187.3,1042.1,67.4,1092.6,153.0,433.2,578.2,546.5,779.6,1129.8,323.2,1213.8,501.1,False,,
334,698.6666666666666,262.6666666666667,748.1,92.7,787.3,187.6,1043.4,67.9,1092.4,152.7,433.5,548.8,546.0,784.8,1129.9,322.7,1213.3,498.6,False,,
335,707.3333333333334,248.33333333333334,748.2,92.1,785.5,187.0,1041.9,68.0,1091.9,151.6,434.2,544.9,549.2,787.2,1130.1,321.5,1213.2,497.0,False,,
336,716.0,234.0,745.3,92.2,784.2,187.4,1038.6,67.7,1091.0,151.3,433.6,549.7,552.4,787.7,1130.7,320.3,1212.8,496.5,False,,
337,726.0,224.0,741.8,93.0,783.0,187.7,1037.8,67.7,1090.7,152.3,433.2,559.3,555.5,788.1,1131.5,320.4,1213.6,496.4,False,,
338,734.0,216.0,740.0,93.7,782.1,187.8,1038.7,67.6,1089.3,152.4,431.8,580.0,557.5,788.7,1132.8,319.2,1214.3,496.3,False,,
339,741.0,210.0,739.1,93.7,781.6,186.9,1038.3,67.9,1090.6,151.9,425.4,594.8,558.2,788.7,1133.6,317.8,1215.0,496.3,False,,
340,749.0,206.0,737.1,93.6,781.3,186.0,1038.4,67.4,1091.5,152.0,420.0,599.3,558.4,789.4,1134.5,316.9,1216.2,496.3,False,,
341,755.6,205.0,734.4,93.3,781.1,185.0,1038.4,67.8,1091.6,152.2,413.9,603.1,558.0,789.3,1135.5,316.6,1218.0,495.8,False,,
342,762.2,204.0,731.9,93.9,780.4,184.7,1038.2,68.0,1092.2,151.7,410.4,609.3,558.3,788.9,1135.9,315.7,1220.8,495.6,False,,
343,768.8,203.0,729.6,94.7,779.7,182.3,1037.7,67.6,1092.6,151.9,409.2,613.1,562.6,789.5,1136.0,314.4,1223.7,495.4,False,,
344,775.4,202.0,728.0,94.7,779.2,181.0,1038.8,67.4,1092.5,152.2,409.3,616.9,568.8,789.4,1135.8,313.8,1226.7,495.0,False,,
345,782.0,201.0,724.6,93.8,778.2,179.7,1040.4,67.4,1092.3,151.9,412.1,619.7,578.0,788.9,1135.8,313.0,1229.6,494.5,False,,
346,787.0,205.0,722.1,93.7,775.3,178.9,1042.9,66.9,1092.4,151.6,416.2,621.7,585.5,789.7,1135.2,312.0,1232.0,492.9,False,,
347,796.0,207.0,721.1,92.3,772.3,178.8,1041.1,66.8,1092.8,151.8,420.8,622.4,590.8,790.1,1135.5,311.2,1234.3,489.8,False,,
348,799.0,211.0,720.2,90.9,768.6,178.4,1038.0,67.2,1092.7,151.8,426.2,623.6,593.9,790.4,1135.9,310.8,1236.3,488.2,False,,
349,803.0,215.0,718.4,90.8,764.9,178.3,1033.2,67.9,1092.9,151.3,429.2,623.7,603.5,791.8,1136.4,309.6,1237.9,484.9,False,,
350,809.0,221.0,716.5,90.5,763.1,178.2,1029.6,67.8,1093.0,150.8,431.9,623.9,607.5,811.5,1138.1,308.9,1238.9,482.7,False,,
351,810.0,214.0,714.1,90.4,763.0,177.6,1026.0,68.1,1093.0,150.6,433.9,627.8,612.4,819.5,1140.2,308.1,1240.0,480.7,False,,
352,810.0,200.0,711.7,90.8,762.8,177.3,1026.1,68.9,1092.5,150.7,435.4,628.5,614.9,824.3,1142.5,307.9,1240.7,477.8,False,,
353,811.0,190.0,709.2,91.4,762.8,177.2,1025.4,69.6,1091.0,151.1,438.5,627.4,616.4,828.7,1145.5,307.4,1241.0,475.4,False,,
354,811.0,179.0,708.0,92.2,761.9,177.6,1021.4,69.5,1088.4,150.4,440.0,631.3,599.0,803.7,1148.2,306.6,1242.3,474.0,False,,
355,812.0,171.0,706.5,93.2,761.4,178.6,1017.9,69.3,1083.1,150.3,443.0,633.9,590.2,793.2,1149.5,305.7,1243.0,473.7,False,,
356,812.0,161.0,705.5,92.6,757.7,178.1,1012.6,68.4,1073.1,150.2,448.1,637.7,585.2,788.7,1151.8,305.3,1243.2,473.6,False,,
357,813.5,155.66666666666666,704.6,92.1,754.4,177.4,1009.7,67.6,1063.9,150.3,452.2,641.6,583.5,787.0,1154.0,304.5,1243.4,473.8,False,,
358,815.0,150.33333333333334,703.5,92.8,742.2,172.8,1009.0,65.8,1055.2,150.3,454.4,645.5,583.6,787.9,1156.4,303.3,1243.2,473.9,False,,
359,816.5,145.0,699.8,93.6,736.9,168.7,1004.5,65.2,1048.6,150.2,456.5,648.4,584.7,787.5,1154.1,302.8,1242.4,473.7,False,,
360,818.0,139.66666666666666,697.5,93.5,734.3,173.2,997.2,64.7,1045.8,149.2,458.3,649.9,587.2,787.5,1150.0,302.5,1242.3,474.0,False,,
361,819.5,134.33333333333334,695.4,93.0,732.5,176.7,990.2,62.1,1044.6,149.7,459.9,650.7,589.8,787.9,1146.7,301.9,1244.8,474.3,False,,
362,821.0,129.0,692.4,93.6,731.6,177.4,985.7,61.4,1043.8,149.6,461.3,651.2,594.7,788.6,1144.5,300.4,1249.2,473.7,False,,
363,822.0,129.0,690.4,93.5,731.7,179.6,982.1,61.2,1043.7,149.2,462.2,652.5,602.2,788.1,1143.2,299.8,1252.8,472.9,False,,
364,823.0,129.0,684.2,94.3,731.9,182.0,978.6,61.6,1043.3,149.3,462.5,654.3,607.8,787.9,1142.8,298.4,1257.0,473.1,False,,
365,824.0,129.0,677.7,94.7,732.0,183.9,974.4,62.7,1041.5,148.7,462.6,656.4,605.4,787.8,1142.8,297.5,1257.4,473.3,False,,
366,825.0,129.0,674.0,96.0,732.4,184.9,972.4,63.6,1038.7,148.9,462.0,657.5,601.4,788.1,1143.3,297.1,1256.7,473.1,False,,
367,826.0,128.0,672.4,96.5,732.5,185.2,970.9,63.6,1035.8,146.0,461.0,658.8,601.3,788.8,1144.2,296.1,1256.4,472.9,False,,
368,nan,nan,671.2,96.5,732.4,185.7,968.9,64.1,1026.5,143.6,460.7,659.7,600.0,789.6,1144.9,295.0,1256.4,472.5,False,,
369,nan,nan,670.6,96.7,728.3,185.9,966.4,62.7,1017.3,141.4,460.4,660.1,599.3,789.9,1145.7,293.4,1254.2,471.1,False,,
370,nan,nan,669.4,96.1,715.2,185.2,964.5,61.9,1008.2,140.6,460.2,660.6,598.3,790.2,1146.9,293.0,1251.8,470.6,False,,
